{
  "0": {
    "extrinsic": [
      [
        1.0,
        0.0,
        0.0,
        0.0
      ],
      [
        0.0,
        1.0,
        0.0,
        0.0
      ],
      [
        0.0,
        0.0,
        1.0,
        0.0
      ],
      [
        0.0,
        0.0,
        0.0,
        1.0
      ]
    ],
    "K": [
      [
        969.6969696969696,
        0.0,
        960.0
      ],
      [
        0.0,
        969.6969696969696,
        540.0
      ],
      [
        0.0,
        0.0,
        1.0
      ]
    ]
  },
  "1": {
    "extrinsic": [
      [
        1.0,
        0.0,
        0.0,
        0.0
      ],
      [
        0.0,
        1.0,
        0.0,
        0.0
      ],
      [
        0.0,
        0.0,
        1.0,
        0.0
      ],
      [
        0.0,
        0.0,
        0.0,
        1.0
      ]
    ],
    "K": [
      [
        969.6969696969696,
        0.0,
        960.0
      ],
      [
        0.0,
        969.6969696969696,
        540.0
      ],
      [
        0.0,
        0.0,
        1.0
      ]
    ]
  },
  "2": {
    "extrinsic": [
      [
        1.0,
        0.0,
        0.0,
        0.0
      ],
      [
        0.0,
        1.0,
        0.0,
        0.0
      ],
      [
        0.0,
        0.0,
        1.0,
        0.0
      ],
      [
        0.0,
        0.0,
        0.0,
        1.0
      ]
    ],
    "K": [
      [
        969.6969696969696,
        0.0,
        960.0
      ],
      [
        0.0,
        969.6969696969696,
        540.0
      ],
      [
        0.0,
        0.0,
        1.0
      ]
    ]
  },
  "3": {
    "extrinsic": [
      [
        1.0,
        0.0,
        0.0,
        0.0
      ],
      [
        0.0,
        1.0,
        0.0,
        0.0
      ],
      [
        0.0,
        0.0,
        1.0,
        0.0
      ],
      [
        0.0,
        0.0,
        0.0,
        1.0
      ]
    ],
    "K": [
      [
        969.6969696969696,
        0.0,
        960.0
      ],
      [
        0.0,
        969.6969696969696,
        540.0
      ],
      [
        0.0,
        0.0,
        1.0
      ]
    ]
  },
  "4": {
    "extrinsic": [
      [
        1.0,
        0.0,
        0.0,
        0.0
      ],
      [
        0.0,
        1.0,
        0.0,
        0.0
      ],
      [
        0.0,
        0.0,
        1.0,
        0.0
      ],
      [
        0.0,
        0.0,
        0.0,
        1.0
      ]
    ],
    "K": [
      [
        969.6969696969696,
        0.0,
        960.0
      ],
      [
        0.0,
        969.6969696969696,
        540.0
      ],
      [
        0.0,
        0.0,
        1.0
      ]
    ]
  },
  "5": {
    "extrinsic": [
      [
        1.0,
        0.0,
        0.0,
        0.0
      ],
      [
        0.0,
        1.0,
        0.0,
        0.0
      ],
      [
        0.0,
        0.0,
        1.0,
        0.0
      ],
      [
        0.0,
        0.0,
        0.0,
        1.0
      ]
    ],
    "K": [
      [
        969.6969696969696,
        0.0,
        960.0
      ],
      [
        0.0,
        969.6969696969696,
        540.0
      ],
      [
        0.0,
        0.0,
        1.0
      ]
    ]
  },
  "6": {
    "extrinsic": [
      [
        1.0,
        0.0,
        0.0,
        0.0
      ],
      [
        0.0,
        1.0,
        0.0,
        0.0
      ],
      [
        0.0,
        0.0,
        1.0,
        0.0
      ],
      [
        0.0,
        0.0,
        0.0,
        1.0
      ]
    ],
    "K": [
      [
        969.6969696969696,
        0.0,
        960.0
      ],
      [
        0.0,
        969.6969696969696,
        540.0
      ],
      [
        0.0,
        0.0,
        1.0
      ]
    ]
  },
  "7": {
    "extrinsic": [
      [
        1.0,
        0.0,
        0.0,
        0.0
      ],
      [
        0.0,
        1.0,
        0.0,
        0.0
      ],
      [
        0.0,
        0.0,
        1.0,
        0.0
      ],
      [
        0.0,
        0.0,
        0.0,
        1.0
      ]
    ],
    "K": [
      [
        969.6969696969696,
        0.0,
        960.0
      ],
      [
        0.0,
        969.6969696969696,
        540.0
      ],
      [
        0.0,
        0.0,
        1.0
      ]
    ]
  }
}